<?xml version="1.0" encoding="UTF-8" ?>
<!DOCTYPE configuration
        PUBLIC "-//mybatis.org//DTD Config 3.0//EN"
        "https://mybatis.org/dtd/mybatis-3-config.dtd">
<configuration>
    <settings>
        <setting name="mapUnderscoreToCamelCase" value="true"/>
    </settings>
    <environments default="development">
        <environment id="development">
            <transactionManager type="JDBC"/>
            <dataSource type="POOLED">
                <property name="driver" value="com.mysql.cj.jdbc.Driver"/>
                <property name="url" value="jdbc:mysql://localhost:3306/spigot_server"/>
                <property name="username" value="root"/>
                <property name="password" value="gakushu0613"/>
            </dataSource>
        </environment>
    </environments>
    <mappers>
        <mapper class="org.example.plugin.mininggame.mapper.PlayerScoreMapper"/>
    </mappers>
</configuration>